0001.jpg Brown BrownOrange BrownWhite Green Orange OrangePink OrangeYellow Pink Yellow
0011.jpg Black BlackBlue Blue BlueGreen BrownWhite Green GreenYellow 
0033.jpg Black Brown BrownWhite Grey Orange OrangePink Pink PinkWhite White 
0055.jpg BlackPink Brown Orange OrangePink Pink PinkPurple PinkWhite Red White  
0088.jpg Black BlackGreen BluePurple Brown Green OrangeYellow Purple PurpleWhite White Yellow 
0099.jpg Black Blue Brown BrownWhite Orange Pink White 
0100.jpg Black BlackGreen Blue BlueWhite Brown BrownWhite Green Grey Orange PinkWhite Red White Yellow 
0111.jpg Black Brown BrownWhite Green Grey GreyWhite Orange White 
0191.jpg Black Brown Grey Red White  
0205.jpg Black Blue Green Grey White 
